[
  {
    "id": "4896c36e-3301-478e-98ab-55c4134a15fd",
    "data": [
      {
        "text": "status",
        "meta": "@sys.number-integer",
        "alias": "order_number",
        "userDefined": true
      },
      {
        "text": " order",
        "userDefined": false
      }
    ],
    "isTemplate": false,
    "count": 0,
    "lang": "en",
    "updated": 0
  },
  {
    "id": "c1fed4a3-735c-4d93-9125-58fac2822389",
    "data": [
      {
        "text": "What is the ",
        "userDefined": false
      },
      {
        "text": "status",
        "meta": "@sys.number-integer",
        "alias": "order_number",
        "userDefined": true
      },
      {
        "text": " of my order",
        "userDefined": false
      }
    ],
    "isTemplate": false,
    "count": 0,
    "lang": "en",
    "updated": 0
  }
]