[
  {
    "id": "a9ad0b33-494f-4d95-86c5-b082721d5c2c",
    "data": [
      {
        "text": "I want to buy a ",
        "userDefined": false
      },
      {
        "text": "jacket",
        "meta": "@product",
        "alias": "product",
        "userDefined": true
      }
    ],
    "isTemplate": false,
    "count": 0,
    "lang": "en",
    "updated": 0
  },
  {
    "id": "66ea5680-ff69-486f-9363-d17f313bcb55",
    "data": [
      {
        "text": "order pair of ",
        "userDefined": false
      },
      {
        "text": "pants",
        "meta": "@product",
        "alias": "product",
        "userDefined": true
      }
    ],
    "isTemplate": false,
    "count": 0,
    "lang": "en",
    "updated": 0
  },
  {
    "id": "abdd3f0f-a1eb-4a93-a2b1-df10fbb0118f",
    "data": [
      {
        "text": "I want to buy ",
        "userDefined": false
      },
      {
        "text": "shoes",
        "meta": "@product",
        "alias": "product",
        "userDefined": true
      }
    ],
    "isTemplate": false,
    "count": 0,
    "lang": "en",
    "updated": 0
  },
  {
    "id": "71b66641-2220-48aa-8d92-7f537387502e",
    "data": [
      {
        "text": "place order for ",
        "userDefined": false
      },
      {
        "text": "shoes",
        "meta": "@product",
        "alias": "product",
        "userDefined": true
      }
    ],
    "isTemplate": false,
    "count": 0,
    "lang": "en",
    "updated": 0
  },
  {
    "id": "8ac0e50c-b31e-4fa3-a310-7d680c496c7e",
    "data": [
      {
        "text": "I want to buy a ",
        "userDefined": false
      },
      {
        "text": "T-shirt",
        "meta": "@product",
        "alias": "product",
        "userDefined": true
      }
    ],
    "isTemplate": false,
    "count": 0,
    "lang": "en",
    "updated": 0
  }
]