[
  {
    "id": "0391764e-d79f-44e8-bfcd-f74f60614c44",
    "data": [
      {
        "text": "I can\u0027t seem to find snoopy.",
        "userDefined": false
      }
    ],
    "isTemplate": false,
    "count": 0,
    "lang": "en",
    "updated": 0
  },
  {
    "id": "9b11fc75-7d92-41d0-a8c8-1037c04e91b2",
    "data": [
      {
        "text": "Have you seen snoopy?",
        "userDefined": false
      }
    ],
    "isTemplate": false,
    "count": 0,
    "lang": "en",
    "updated": 0
  },
  {
    "id": "b7b2413b-9ed6-4a38-8eb9-1189ce38b2e2",
    "data": [
      {
        "text": "where is snoopy at?",
        "userDefined": false
      }
    ],
    "isTemplate": false,
    "count": 0,
    "lang": "en",
    "updated": 0
  }
]